,TEST,PREDICTED
0,6,6
1,2,2
2,6,6
3,3,3
4,6,6
5,0,0
6,4,4
7,3,3
8,6,6
9,6,6
10,0,0
11,6,6
12,5,5
13,3,3
14,4,5
15,1,1
16,5,5
17,1,1
18,6,6
19,6,6
20,5,5
21,2,2
22,4,4
23,3,3
24,5,5
25,4,4
26,1,1
27,0,0
28,2,2
29,6,6
30,3,3
31,1,1
32,2,2
33,1,1
34,6,6
35,0,0
36,3,3
37,1,1
38,4,4
39,4,4
40,6,6
41,2,2
42,5,5
43,3,3
44,6,6
45,3,3
46,6,6
47,0,0
48,6,6
49,1,1
50,0,0
51,5,5
52,3,3
53,5,5
54,0,0
55,6,6
56,3,3
57,6,6
58,4,4
59,2,2
60,2,2
61,1,1
62,2,2
63,4,4
64,4,4
65,4,4
66,1,0
67,6,6
68,1,1
69,1,1
70,3,3
71,6,6
72,4,4
73,4,4
74,3,2
75,3,3
76,2,1
77,5,5
78,1,1
79,3,3
80,6,6
81,1,1
82,0,0
83,6,6
84,4,4
85,2,2
86,1,1
87,0,0
88,6,6
89,4,4
90,3,3
91,5,5
92,1,1
93,6,6
94,0,0
95,4,3
96,5,5
97,2,2
98,6,6
99,1,1
100,4,4
101,3,3
102,1,1
103,4,4
104,6,6
105,3,3
106,4,4
107,0,0
108,5,5
109,5,5
110,6,6
111,2,2
112,0,0
113,0,0
114,6,6
115,0,0
116,6,6
117,5,5
118,6,6
119,3,3
120,2,2
121,3,3
122,4,4
123,3,3
124,3,2
125,0,0
126,6,6
127,0,0
128,0,0
129,5,5
130,6,6
131,4,4
132,0,0
133,4,4
134,1,1
135,5,5
136,4,1
137,6,6
138,2,2
139,2,2
140,5,5
141,4,4
142,5,5
143,6,6
144,3,3
145,3,3
146,1,1
147,2,2
148,1,1
149,6,6
150,3,3
151,6,6
152,6,6
153,5,5
154,2,4
155,1,1
156,4,4
157,6,6
158,6,6
159,3,3
160,2,2
161,4,4
162,6,6
163,1,1
164,4,4
165,0,0
166,5,4
167,6,6
168,5,5
169,1,1
170,4,4
171,1,1
172,4,3
173,6,6
174,4,4
175,0,0
176,6,6
177,5,5
178,3,3
179,1,1
180,3,3
181,3,3
182,4,4
183,3,3
184,4,4
185,4,4
186,1,1
187,4,4
188,5,5
189,6,6
190,5,5
191,3,3
192,1,1
193,6,6
194,3,3
195,5,5
196,0,0
197,6,6
198,6,6
199,3,3
200,1,1
201,6,6
202,0,0
203,3,3
204,6,6
205,2,2
206,1,1
207,4,4
208,5,5
209,4,4
210,1,1
211,3,2
212,1,1
213,0,1
214,6,6
215,4,4
216,1,1
217,5,5
218,3,3
219,3,2
220,0,0
221,2,2
222,6,6
223,0,0
224,2,2
225,4,2
226,5,5
227,2,2
228,5,5
229,2,2
230,0,0
231,2,2
232,4,4
233,0,0
234,2,2
235,4,4
236,4,4
237,3,4
238,2,2
239,5,5
240,3,3
241,1,1
242,4,4
243,3,3
244,2,2
245,5,5
246,0,0
247,1,2
248,5,5
249,6,6
250,1,0
251,0,0
252,1,1
253,5,5
254,3,4
255,2,2
256,4,4
257,2,3
258,6,6
259,1,1
260,4,4
261,1,1
262,1,1
263,4,4
264,6,6
265,2,2
266,3,3
267,5,5
268,2,3
269,1,1
270,1,1
271,3,3
272,5,5
273,3,3
274,4,4
275,6,6
276,2,2
277,5,5
278,3,3
279,4,4
280,6,6
281,5,5
282,3,3
283,5,5
284,5,5
285,0,0
286,0,0
287,2,2
288,6,6
289,0,0
290,0,0
291,6,6
292,6,6
293,1,1
294,2,2
295,4,4
296,5,5
297,1,1
298,5,5
299,1,1
300,5,5
301,3,3
302,1,1
303,5,5
304,6,6
305,4,4
306,0,0
307,6,6
308,3,3
309,4,4
310,5,5
311,5,5
312,2,3
313,6,6
314,1,1
315,5,5
316,2,2
317,0,0
318,0,0
319,0,0
320,1,1
321,6,6
322,5,5
323,1,1
324,0,0
325,4,4
326,4,3
327,4,4
328,1,1
329,5,5
330,3,3
331,0,0
332,0,0
333,3,3
334,6,6
335,2,2
336,1,1
337,6,6
338,6,6
339,2,1
340,6,6
341,1,1
342,0,0
343,4,4
344,4,4
345,6,6
346,4,4
347,3,3
348,0,0
349,1,1
350,3,3
351,5,5
352,4,4
353,5,4
354,3,2
355,6,6
356,1,1
357,6,6
358,5,5
359,1,1
360,3,3
361,6,6
362,5,5
363,4,4
364,4,4
365,2,2
366,6,6
367,2,2
368,4,4
369,5,5
370,0,0
371,5,5
372,2,2
373,4,2
374,0,0
375,1,1
376,4,4
377,3,3
378,4,4
379,5,5
380,1,0
381,4,4
382,4,4
383,1,1
384,4,4
385,2,2
386,6,6
387,3,3
388,6,6
389,3,3
390,6,6
391,6,6
392,0,0
393,6,6
394,5,5
395,2,2
396,5,5
397,6,6
398,6,6
399,5,5
400,6,6
401,4,4
402,4,4
403,0,1
404,3,3
405,4,4
406,5,5
407,4,4
408,5,5
409,3,3
410,6,6
411,0,1
412,5,5
413,0,0
414,1,1
415,6,6
416,4,4
417,6,6
418,2,2
419,2,2
420,3,3
421,6,6
422,5,5
423,4,3
424,1,2
425,5,5
426,4,4
427,1,1
428,5,5
429,1,1
430,0,0
431,4,4
432,5,5
433,1,1
434,6,6
435,0,0
436,3,3
437,1,1
438,0,0
439,1,1
440,6,6
441,6,6
442,1,1
443,4,4
444,6,6
445,2,2
446,1,1
447,3,3
448,0,0
449,5,5
450,4,4
451,4,4
452,0,0
453,5,5
454,2,2
455,0,0
456,5,5
457,4,4
458,0,0
459,4,4
460,1,1
461,5,5
462,0,0
463,4,4
464,4,4
465,4,4
466,6,6
467,1,1
468,6,6
469,3,3
470,4,4
471,5,5
472,4,4
473,6,6
474,3,2
475,1,1
476,1,1
477,2,2
478,6,6
479,0,0
480,0,0
481,6,6
482,0,0
483,2,2
484,2,2
485,4,4
486,0,0
487,1,1
488,4,4
489,6,6
490,5,5
491,2,2
492,6,6
493,4,4
494,4,4
495,4,4
496,1,1
497,4,4
498,0,0
499,5,5
500,3,3
501,0,1
502,6,6
503,1,1
504,0,0
505,4,4
506,3,3
507,6,6
508,2,2
509,1,1
510,4,4
511,4,2
512,0,0
513,4,4
514,1,1
515,3,3
516,1,1
517,4,2
518,6,6
519,4,4
520,2,2
521,0,0
522,0,0
523,3,3
524,1,1
525,3,3
526,6,6
527,2,2
528,0,0
529,4,4
530,2,2
531,5,5
532,6,6
533,1,1
534,6,6
535,5,5
536,6,6
537,3,3
538,2,3
539,3,3
540,3,3
541,4,4
542,4,4
543,6,6
544,2,2
545,0,0
546,2,2
547,0,0
548,2,2
549,6,6
550,6,6
551,2,2
552,0,0
553,4,4
554,2,2
555,3,3
556,4,4
557,5,5
558,6,6
559,6,6
560,1,1
561,6,6
562,0,0
563,0,0
564,5,5
565,6,6
566,6,6
567,4,4
568,1,1
569,2,2
570,6,6
571,1,1
572,2,2
573,2,2
574,3,2
575,3,3
576,2,2
577,6,6
578,3,2
579,0,0
580,1,1
581,2,3
582,6,6
583,0,0
584,2,2
585,1,1
586,0,0
587,4,4
588,6,6
589,5,5
590,3,3
591,2,2
592,5,5
593,2,2
594,5,5
595,3,3
596,6,6
597,3,3
598,6,6
599,6,6
600,3,3
601,0,0
602,0,0
603,4,4
604,6,6
605,1,1
606,0,0
607,5,5
608,6,6
609,4,4
610,4,4
611,3,3
612,6,6
613,6,6
614,5,5
615,2,3
616,2,2
617,6,6
618,4,4
619,5,5
620,4,4
621,4,4
622,1,1
623,2,2
624,4,4
625,3,3
626,2,1
627,4,4
628,5,5
629,0,0
630,6,6
631,6,6
632,2,3
633,6,6
634,2,2
635,5,5
636,6,6
637,4,4
638,2,2
639,3,3
640,4,5
641,3,4
642,4,4
643,1,1
644,5,5
645,4,4
646,6,6
647,0,0
648,6,6
649,5,5
650,2,2
651,6,6
652,4,4
653,6,6
654,6,6
655,3,3
656,3,3
657,3,3
658,0,0
659,6,6
660,1,1
661,2,2
662,4,4
663,5,5
664,1,1
665,3,3
666,1,1
667,4,4
668,0,0
669,2,2
670,5,5
671,0,0
672,5,5
673,1,1
674,6,6
675,5,5
676,6,6
677,2,2
678,3,1
679,3,2
680,5,5
681,1,1
682,5,4
683,5,5
684,3,3
685,2,2
686,1,1
687,1,1
688,6,6
689,5,5
690,6,6
691,1,1
692,6,6
693,3,4
694,1,1
695,6,6
696,0,0
697,2,1
698,5,5
699,6,6
700,3,3
701,2,2
702,2,2
703,6,6
704,3,3
705,3,3
706,0,0
707,0,0
708,5,5
709,5,5
710,4,4
711,1,1
712,0,0
713,4,4
714,6,6
715,5,5
716,1,1
717,1,1
718,4,4
719,2,2
720,3,3
721,2,2
722,0,0
723,2,2
724,6,6
725,4,4
726,6,6
727,4,4
728,3,3
729,5,5
730,5,5
731,5,5
732,6,6
733,2,2
734,3,3
735,4,4
736,4,5
737,6,6
738,1,1
739,4,2
740,0,0
741,5,3
742,3,3
743,1,1
744,6,6
745,5,5
746,4,4
747,5,5
748,4,4
749,0,0
750,6,6
751,4,4
752,6,6
753,6,6
754,2,2
755,0,0
756,5,5
757,1,1
758,6,6
759,0,0
760,2,2
761,1,1
762,4,4
763,1,1
764,2,2
765,4,4
766,6,6
767,4,4
768,6,6
769,3,3
770,6,6
771,6,6
772,6,6
773,4,4
774,6,6
775,4,4
776,4,4
777,5,5
778,5,5
779,5,5
780,2,2
781,3,3
782,2,2
783,6,6
784,3,3
785,5,5
786,4,4
787,1,1
788,2,2
789,4,4
790,5,5
791,2,2
792,4,4
793,5,5
794,6,6
795,2,2
796,5,5
797,4,5
798,3,4
799,2,2
800,1,1
801,5,5
802,0,0
803,4,4
804,1,1
805,4,4
806,4,4
807,4,4
808,6,6
809,2,3
810,5,5
811,2,2
812,1,1
813,5,5
814,3,4
815,6,6
816,0,0
817,1,1
818,5,5
819,5,5
820,3,3
821,5,5
822,5,5
823,6,6
824,3,3
825,2,2
826,0,0
827,3,3
828,6,6
829,1,2
830,6,6
831,4,4
832,2,2
833,1,1
834,6,6
835,4,5
836,0,0
837,4,4
838,5,5
839,4,4
840,4,4
841,5,5
842,3,3
843,3,3
844,5,5
845,4,4
846,4,4
847,0,0
848,1,1
849,6,6
850,0,0
851,5,5
852,1,0
853,1,1
854,2,2
855,4,4
856,2,2
857,1,1
858,1,1
859,6,6
860,1,1
861,1,1
862,6,6
863,3,3
864,2,3
865,5,5
866,6,6
867,5,5
868,1,1
869,5,5
870,1,1
871,3,3
872,2,2
873,5,5
874,1,1
875,4,4
876,3,3
877,1,1
878,6,6
879,4,4
880,3,3
881,4,4
882,5,5
883,2,2
884,4,2
885,4,4
886,0,0
887,3,3
888,2,2
889,3,2
890,5,5
891,2,2
892,1,1
893,6,6
894,3,3
895,6,6
896,6,6
897,0,1
898,6,6
899,3,3
900,6,6
901,5,5
902,6,6
903,2,2
904,6,6
905,6,6
906,3,3
907,3,3
908,1,0
909,4,4
910,1,1
911,5,5
912,1,1
913,6,6
914,2,4
915,1,1
916,4,4
917,4,4
918,1,1
919,6,6
920,0,0
921,6,6
922,6,6
923,2,2
924,6,6
925,0,0
926,0,0
927,6,6
928,3,3
929,4,4
930,2,2
931,4,4
932,3,3
933,5,5
934,6,6
935,6,6
936,4,4
937,1,1
938,6,6
939,4,4
940,2,2
941,6,6
942,2,2
943,4,4
944,6,6
945,2,2
946,0,0
947,3,4
948,6,6
949,4,4
950,1,1
951,4,4
952,2,2
953,0,0
954,3,1
955,4,4
956,0,0
957,1,1
958,3,3
959,6,6
960,1,2
961,1,1
962,1,1
963,4,4
964,1,1
965,3,3
966,0,0
967,1,2
968,6,6
969,3,3
970,4,4
971,1,1
972,0,0
973,1,1
974,0,0
975,1,1
976,0,0
977,4,4
978,3,3
979,5,5
980,1,1
981,5,5
982,5,5
983,6,6
984,2,2
985,3,3
986,0,0
987,4,4
988,4,4
989,3,3
990,6,6
991,0,0
992,5,5
993,1,1
994,5,5
995,3,3
996,5,5
997,6,6
998,5,5
999,2,2
1000,6,6
1001,4,4
1002,2,1
1003,2,1
1004,2,2
1005,5,5
1006,1,1
1007,4,4
1008,6,6
1009,5,5
1010,6,6
1011,4,4
1012,5,5
1013,3,3
1014,0,0
1015,0,0
1016,1,1
1017,4,4
1018,4,3
1019,5,5
1020,5,5
1021,4,4
1022,0,0
1023,1,1
1024,4,4
1025,4,4
1026,3,2
1027,1,1
1028,1,1
1029,4,4
1030,6,6
1031,6,6
1032,6,6
1033,1,1
1034,6,6
1035,0,1
1036,1,1
1037,1,1
1038,6,6
1039,1,1
1040,6,6
1041,2,2
1042,6,6
1043,1,1
1044,6,6
1045,4,4
1046,5,5
1047,3,3
1048,5,5
1049,0,0
1050,4,4
1051,5,5
1052,3,3
1053,5,5
1054,2,2
1055,6,6
1056,1,1
1057,0,0
1058,0,0
1059,2,2
1060,0,0
1061,3,1
1062,3,3
1063,1,1
1064,6,6
1065,4,4
1066,1,1
1067,1,1
1068,6,6
1069,1,1
1070,1,1
1071,1,1
1072,5,5
1073,6,6
1074,2,2
1075,2,2
1076,6,6
1077,1,1
1078,3,3
1079,0,0
1080,5,5
1081,3,3
1082,4,4
1083,4,4
1084,6,6
1085,6,6
1086,1,1
1087,1,1
1088,6,6
1089,1,1
1090,0,0
1091,2,2
1092,5,5
1093,4,4
1094,2,2
1095,1,1
1096,4,4
1097,4,4
1098,2,2
1099,1,0
1100,0,2
1101,0,0
1102,2,3
1103,4,4
1104,1,1
1105,5,5
1106,3,2
1107,0,0
1108,4,4
1109,2,2
1110,6,6
1111,3,3
1112,4,2
1113,6,6
1114,4,4
1115,1,1
1116,4,4
1117,6,6
1118,6,6
1119,2,2
1120,0,0
1121,2,2
1122,5,5
1123,1,2
1124,3,3
1125,5,5
1126,5,5
1127,6,6
1128,0,0
1129,1,0
1130,5,5
1131,2,3
1132,6,6
1133,0,0
1134,6,6
1135,0,0
1136,6,6
1137,1,1
1138,6,6
1139,0,0
1140,2,2
1141,6,6
1142,6,6
1143,5,5
1144,0,0
1145,3,3
1146,3,3
1147,4,4
1148,4,4
1149,0,1
1150,6,6
1151,6,6
1152,6,6
1153,6,6
1154,6,6
1155,4,4
1156,5,5
1157,0,0
1158,1,1
1159,1,1
1160,0,0
1161,5,5
1162,4,4
1163,2,2
1164,5,5
1165,4,4
1166,4,3
1167,1,1
1168,1,1
1169,1,1
1170,0,0
1171,0,0
1172,0,0
1173,0,0
1174,3,3
1175,4,4
1176,4,2
1177,5,5
1178,1,1
1179,4,4
1180,2,1
1181,5,5
1182,0,0
1183,6,6
1184,5,5
1185,3,3
1186,1,1
1187,4,4
1188,4,4
1189,0,0
1190,2,2
1191,4,4
1192,6,6
1193,3,3
1194,5,5
1195,2,2
1196,0,0
1197,4,4
1198,4,4
1199,1,1
1200,1,1
1201,6,6
1202,4,5
1203,6,6
1204,0,0
1205,1,1
1206,0,0
1207,6,6
1208,6,6
1209,6,6
1210,6,6
1211,5,5
1212,4,4
1213,5,5
1214,5,5
1215,4,4
1216,6,6
1217,4,4
1218,0,0
1219,0,0
1220,5,5
1221,1,1
1222,2,2
1223,3,3
1224,6,6
1225,2,3
1226,1,1
1227,2,2
1228,6,6
1229,2,2
1230,5,5
1231,3,3
1232,0,0
1233,4,4
1234,5,5
1235,2,2
1236,5,5
1237,4,4
1238,0,0
1239,0,0
1240,6,6
1241,3,3
1242,6,6
1243,2,2
1244,1,1
1245,6,6
1246,0,0
1247,2,2
1248,3,3
1249,1,1
1250,3,3
1251,3,2
1252,6,6
1253,3,3
1254,3,3
1255,1,1
1256,6,6
1257,5,5
1258,6,6
1259,2,2
1260,4,4
1261,4,4
1262,5,5
1263,5,5
1264,2,2
1265,0,0
1266,4,4
1267,6,6
1268,1,1
1269,5,5
1270,3,3
1271,2,2
1272,2,2
1273,5,5
1274,3,3
1275,6,6
1276,5,5
1277,4,2
1278,3,3
1279,2,2
1280,5,5
1281,0,0
1282,5,5
1283,0,0
1284,2,4
1285,5,5
1286,4,4
1287,6,6
1288,6,6
1289,2,2
1290,3,2
1291,2,2
1292,1,1
1293,6,6
1294,6,6
1295,2,2
1296,6,6
1297,0,0
1298,4,2
1299,5,5
1300,6,6
1301,2,2
1302,1,1
1303,1,1
1304,1,1
1305,5,5
1306,3,3
1307,6,6
1308,1,1
1309,5,5
1310,4,5
1311,4,4
1312,0,0
1313,6,6
1314,1,1
1315,1,1
1316,5,5
1317,5,5
1318,4,4
1319,5,5
1320,5,5
1321,0,0
1322,6,6
1323,5,5
1324,5,5
1325,3,3
1326,4,2
1327,5,5
1328,1,1
1329,4,4
1330,0,0
1331,0,0
1332,2,2
1333,1,1
1334,5,5
1335,4,4
1336,0,0
1337,0,0
1338,6,6
1339,0,0
1340,3,3
1341,5,5
1342,3,3
1343,4,4
1344,4,4
1345,4,4
1346,0,0
1347,5,5
1348,5,5
1349,6,6
1350,6,6
1351,6,6
1352,6,6
1353,6,4
1354,6,6
1355,2,2
1356,3,3
1357,2,2
1358,3,2
1359,3,2
1360,1,1
1361,2,2
1362,0,0
1363,6,6
1364,6,6
1365,5,5
1366,5,5
1367,5,5
1368,2,2
1369,3,2
1370,1,1
1371,0,0
1372,6,6
1373,5,5
1374,0,0
1375,6,6
1376,5,5
1377,2,2
1378,2,2
1379,2,2
1380,2,2
1381,2,3
1382,6,6
1383,2,2
1384,5,5
1385,0,0
1386,1,1
1387,2,2
1388,1,1
1389,6,6
1390,1,1
1391,4,4
1392,3,3
1393,5,5
1394,1,0
1395,0,0
1396,5,5
1397,4,4
1398,0,0
1399,5,5
1400,2,2
1401,1,1
1402,6,6
1403,5,5
1404,1,1
1405,6,6
1406,5,5
1407,2,2
1408,0,0
1409,6,6
1410,5,5
1411,0,0
1412,5,5
1413,6,6
1414,3,3
1415,0,0
1416,6,6
1417,3,3
1418,6,6
1419,3,1
1420,0,0
1421,1,1
1422,0,0
1423,5,5
1424,1,1
1425,6,6
1426,1,1
1427,1,1
1428,0,0
1429,1,1
1430,5,5
1431,2,2
1432,5,5
1433,4,4
1434,6,6
1435,3,3
1436,4,4
1437,0,0
1438,6,6
1439,4,4
1440,2,2
1441,4,4
1442,0,0
1443,6,6
1444,3,3
1445,2,2
1446,5,5
1447,6,6
1448,2,2
1449,2,3
1450,5,5
1451,6,6
1452,1,1
1453,1,0
1454,3,3
1455,3,3
1456,6,6
1457,4,4
1458,3,2
1459,6,6
1460,2,1
1461,6,6
1462,0,0
1463,4,4
1464,2,3
1465,1,1
1466,3,3
1467,2,2
1468,6,6
1469,4,4
1470,1,2
1471,3,3
1472,6,6
1473,0,0
1474,3,3
1475,1,1
1476,5,5
1477,5,5
1478,2,2
1479,6,6
1480,2,2
1481,5,5
1482,5,5
1483,4,4
1484,5,5
1485,0,0
1486,5,5
1487,6,6
1488,2,2
1489,2,2
1490,6,6
1491,5,5
1492,0,0
1493,6,6
1494,6,6
1495,0,0
1496,4,4
1497,5,5
1498,1,2
1499,1,1
1500,2,2
1501,0,0
1502,1,1
1503,6,6
1504,0,0
1505,3,3
1506,5,5
1507,4,4
1508,4,4
1509,6,6
1510,0,0
1511,5,5
1512,1,1
1513,6,6
1514,2,2
1515,4,4
1516,5,5
1517,4,4
1518,3,3
1519,2,2
1520,3,2
1521,6,6
1522,6,6
1523,2,2
1524,0,1
1525,5,5
1526,4,4
1527,0,0
1528,4,4
1529,3,3
1530,5,5
1531,3,3
1532,4,4
1533,1,1
1534,1,1
1535,3,4
1536,3,3
1537,3,3
1538,0,0
1539,0,0
1540,3,2
1541,3,3
1542,2,2
1543,4,4
1544,0,0
1545,3,3
1546,6,6
1547,6,6
1548,4,4
1549,0,0
1550,2,2
1551,0,0
1552,1,1
1553,4,4
1554,5,5
1555,5,5
1556,5,5
1557,4,4
1558,1,1
1559,5,5
1560,4,4
1561,4,4
1562,2,2
1563,1,1
1564,1,1
1565,1,1
1566,2,0
1567,4,4
1568,2,2
1569,3,3
1570,1,1
1571,6,6
1572,6,6
1573,1,1
1574,2,2
1575,0,0
1576,0,0
1577,0,0
1578,5,5
1579,4,4
1580,1,0
1581,1,1
1582,3,3
1583,6,6
1584,2,2
1585,3,3
1586,2,2
1587,0,0
1588,3,3
1589,1,1
1590,5,5
1591,2,2
1592,1,3
1593,0,0
1594,0,0
1595,6,6
1596,3,3
1597,1,1
1598,5,5
1599,6,6
1600,6,6
1601,6,6
1602,4,4
1603,5,5
1604,6,6
1605,4,4
1606,3,3
1607,1,1
1608,1,1
1609,2,2
1610,5,5
1611,1,1
1612,2,2
1613,1,0
1614,5,5
1615,1,1
1616,3,3
1617,1,2
1618,2,3
1619,0,0
1620,6,6
1621,1,1
1622,1,2
1623,3,3
1624,0,0
1625,3,3
1626,6,6
1627,1,1
1628,0,0
1629,4,4
1630,5,5
1631,3,3
1632,3,3
1633,3,2
1634,6,6
1635,1,1
1636,5,5
1637,3,3
1638,1,2
1639,6,6
1640,1,1
1641,4,4
1642,1,1
1643,0,0
1644,6,6
1645,6,6
1646,3,3
1647,0,0
1648,6,6
1649,4,4
1650,3,2
1651,5,5
1652,6,6
1653,2,0
1654,5,5
1655,5,5
1656,5,5
1657,4,4
1658,6,6
1659,0,0
1660,0,0
1661,6,6
1662,1,1
1663,6,6
1664,1,1
1665,1,1
1666,0,0
1667,6,6
1668,2,2
1669,3,3
1670,0,0
1671,1,1
1672,0,0
1673,5,5
1674,6,6
1675,1,1
1676,6,6
1677,4,4
1678,3,3
1679,1,1
1680,1,0
1681,2,2
1682,0,1
1683,4,4
1684,3,3
1685,5,5
1686,6,6
1687,3,3
1688,6,6
1689,4,4
1690,6,6
1691,6,6
1692,3,3
1693,6,6
1694,6,6
1695,4,4
1696,1,1
1697,3,3
1698,2,3
1699,6,6
1700,0,1
1701,6,6
1702,1,1
1703,6,6
1704,4,4
1705,0,0
1706,1,1
1707,4,4
1708,4,4
1709,3,3
1710,1,1
1711,0,0
1712,3,3
1713,1,1
1714,2,2
1715,6,6
1716,6,6
1717,4,4
1718,4,5
1719,0,0
1720,6,6
1721,4,4
1722,1,1
1723,3,3
1724,2,2
1725,5,4
1726,5,5
1727,0,0
1728,1,0
1729,5,4
1730,6,6
1731,0,0
1732,5,5
1733,5,5
1734,6,6
1735,4,3
1736,0,0
1737,4,4
1738,3,2
1739,5,5
1740,6,6
1741,4,4
1742,6,6
1743,6,6
1744,0,0
1745,1,1
1746,5,5
1747,1,1
1748,1,1
1749,4,4
1750,1,2
1751,5,5
1752,0,0
1753,1,1
1754,4,4
1755,0,0
1756,5,5
1757,1,1
1758,2,2
1759,2,2
1760,1,1
1761,3,3
1762,0,0
1763,3,3
1764,4,4
1765,6,6
1766,0,0
1767,5,5
1768,0,0
1769,3,3
1770,6,6
1771,4,4
1772,2,2
1773,4,4
1774,5,5
1775,2,2
1776,3,3
1777,4,4
1778,4,4
1779,0,0
1780,2,2
1781,5,5
1782,5,5
1783,3,3
1784,4,5
1785,6,6
1786,2,2
1787,1,1
1788,3,3
1789,0,0
1790,6,6
1791,0,0
1792,2,2
1793,5,5
1794,5,5
1795,0,0
1796,1,1
1797,5,5
1798,6,6
1799,2,2
1800,2,2
1801,2,2
1802,0,0
1803,5,5
1804,4,4
1805,2,2
1806,1,1
1807,5,5
1808,1,1
1809,6,6
1810,1,1
1811,6,6
1812,2,3
1813,1,1
1814,4,4
1815,0,0
1816,1,1
1817,3,3
1818,6,6
1819,2,2
1820,1,0
1821,1,1
1822,4,5
1823,5,5
1824,3,3
1825,1,1
1826,2,1
1827,5,5
1828,6,6
1829,6,6
1830,4,4
1831,6,6
1832,4,4
1833,0,0
1834,5,5
1835,6,6
1836,1,1
1837,0,0
1838,3,3
1839,0,0
1840,4,4
1841,5,5
1842,5,5
1843,5,5
1844,6,6
1845,6,6
1846,2,2
1847,6,6
1848,0,0
1849,2,2
1850,6,6
1851,3,3
1852,1,1
1853,6,6
1854,5,5
1855,6,6
1856,3,4
1857,1,1
1858,1,1
1859,4,4
1860,5,5
1861,2,2
1862,2,1
1863,5,5
1864,0,0
1865,1,1
1866,2,3
1867,3,3
1868,0,0
1869,1,1
1870,1,1
1871,4,4
1872,1,1
1873,2,2
1874,4,4
1875,1,1
1876,4,4
1877,3,3
1878,5,5
1879,2,2
1880,4,4
1881,4,4
1882,6,6
1883,2,1
1884,0,0
1885,3,3
1886,4,4
1887,6,6
1888,0,0
1889,6,6
1890,2,1
1891,1,1
1892,1,1
1893,2,2
1894,0,0
1895,3,3
1896,3,3
1897,1,1
1898,5,5
1899,1,0
1900,1,1
1901,6,6
1902,3,3
1903,6,6
1904,5,5
1905,5,5
1906,0,0
1907,3,3
1908,6,6
1909,6,6
1910,2,2
1911,3,3
1912,6,6
1913,5,5
1914,2,2
1915,6,6
1916,3,3
1917,5,5
1918,1,1
1919,6,6
1920,6,6
1921,4,4
1922,3,3
1923,4,5
1924,5,5
1925,2,2
1926,3,3
1927,5,5
1928,4,4
1929,2,2
1930,5,5
1931,6,6
1932,3,2
1933,4,4
1934,4,4
1935,2,2
1936,6,6
1937,4,4
1938,2,2
1939,5,5
1940,4,4
1941,5,5
1942,5,5
1943,0,0
1944,2,2
1945,5,5
1946,0,0
1947,6,6
1948,6,6
1949,0,0
1950,5,5
1951,5,5
1952,4,4
1953,6,6
1954,4,3
1955,6,6
1956,1,1
1957,4,4
1958,0,0
1959,2,2
1960,1,1
1961,2,2
1962,5,5
1963,5,5
1964,1,0
1965,4,4
1966,3,3
1967,3,2
1968,6,6
1969,5,5
1970,6,6
1971,5,5
1972,0,0
1973,1,1
1974,0,0
1975,3,3
1976,0,0
1977,3,3
1978,6,6
1979,6,6
1980,5,5
1981,1,1
1982,5,5
1983,0,0
1984,5,5
1985,1,1
1986,1,1
1987,2,3
1988,6,6
1989,4,4
1990,2,3
1991,5,5
1992,0,1
1993,1,2
1994,6,6
1995,0,0
1996,2,2
1997,2,2
1998,1,1
1999,1,2
2000,4,4
2001,4,4
2002,0,0
2003,0,0
2004,5,5
2005,6,6
2006,5,5
2007,2,2
2008,5,5
2009,6,6
2010,6,6
2011,3,3
2012,5,5
2013,4,4
2014,6,6
2015,6,6
2016,5,5
2017,3,3
2018,5,5
2019,3,3
2020,5,5
2021,2,2
2022,2,2
2023,4,4
2024,6,6
2025,6,6
2026,5,5
2027,4,4
2028,3,2
2029,2,1
2030,6,6
2031,0,0
2032,0,0
2033,1,1
2034,5,5
2035,4,4
2036,4,4
2037,1,0
2038,2,2
2039,3,3
2040,4,4
2041,0,0
2042,4,5
2043,5,5
2044,0,0
2045,4,4
2046,0,0
2047,4,4
2048,1,1
2049,0,0
2050,2,2
2051,6,6
2052,1,0
2053,5,5
2054,0,0
2055,4,4
2056,6,6
2057,5,5
2058,0,0
2059,6,6
2060,5,5
2061,0,0
2062,0,3
2063,0,0
2064,2,2
2065,5,5
2066,3,3
2067,4,4
2068,6,6
2069,1,1
2070,0,1
2071,4,4
2072,4,4
2073,3,3
2074,6,6
2075,5,5
2076,3,2
2077,4,5
2078,4,4
2079,0,0
2080,1,1
2081,1,1
2082,3,3
2083,1,0
2084,5,5
2085,5,5
2086,5,5
2087,6,6
2088,4,4
2089,0,0
2090,1,2
2091,3,3
2092,4,4
2093,3,3
2094,6,6
2095,6,6
2096,4,4
2097,3,2
2098,0,0
2099,5,5
2100,3,3
2101,0,0
2102,1,1
2103,6,6
2104,5,5
2105,0,0
2106,2,2
2107,0,0
2108,1,1
2109,5,5
2110,6,6
2111,3,3
2112,5,5
2113,1,1
2114,5,5
2115,6,6
2116,6,6
2117,2,2
2118,6,6
2119,5,5
2120,2,2
2121,3,3
2122,6,6
2123,5,3
2124,6,6
2125,2,1
2126,3,3
2127,5,5
2128,3,3
2129,6,6
2130,6,6
2131,2,3
2132,3,3
2133,3,3
2134,1,1
2135,3,3
2136,2,2
2137,5,5
2138,4,4
2139,6,6
2140,1,1
2141,6,6
2142,6,6
2143,5,5
2144,5,5
2145,6,6
2146,5,5
2147,5,5
2148,6,6
2149,3,3
2150,5,5
2151,6,6
2152,2,2
2153,2,2
2154,3,3
2155,0,0
2156,5,5
2157,6,6
2158,4,4
2159,6,6
2160,0,1
2161,5,5
2162,0,1
2163,4,4
2164,4,4
2165,6,6
2166,6,6
2167,5,5
2168,1,1
2169,2,2
2170,2,1
2171,4,3
2172,5,5
2173,5,5
2174,0,0
2175,5,5
2176,1,1
2177,2,2
2178,4,4
2179,4,4
2180,4,4
2181,6,6
2182,4,4
2183,3,3
2184,3,3
2185,3,3
2186,4,4
2187,5,5
2188,4,4
2189,1,1
2190,0,0
2191,0,0
2192,3,3
2193,6,6
2194,0,0
2195,4,3
2196,5,5
2197,4,4
2198,0,0
2199,4,4
2200,6,6
2201,2,2
2202,5,5
2203,2,2
2204,1,1
2205,5,5
2206,0,0
2207,1,1
2208,6,6
2209,4,4
2210,2,2
2211,5,5
2212,5,5
2213,1,1
2214,6,6
2215,4,4
2216,1,1
2217,0,1
2218,4,4
2219,4,4
2220,0,0
2221,2,2
2222,5,5
2223,4,4
2224,6,6
2225,6,6
2226,3,3
2227,0,0
2228,2,2
2229,4,4
2230,0,0
2231,1,1
2232,0,0
2233,5,5
2234,6,6
2235,5,5
2236,6,6
2237,3,3
2238,6,6
2239,6,6
2240,6,6
2241,5,5
2242,1,1
2243,4,4
2244,4,4
2245,0,0
2246,1,1
2247,0,0
2248,6,6
2249,3,3
2250,0,0
2251,6,6
2252,6,6
2253,6,6
2254,1,1
2255,4,4
2256,5,5
2257,5,5
2258,1,1
2259,3,3
2260,6,6
2261,4,4
2262,1,1
2263,1,1
2264,2,2
2265,3,3
2266,6,6
2267,0,0
2268,2,2
2269,6,6
2270,2,2
2271,5,5
2272,0,0
2273,4,4
2274,5,3
2275,6,6
2276,3,3
2277,4,4
2278,1,1
2279,0,0
2280,6,6
2281,6,6
2282,3,3
2283,6,6
2284,1,1
2285,4,4
2286,6,6
2287,1,1
2288,0,0
2289,5,5
2290,2,2
2291,0,0
2292,0,0
2293,6,6
2294,4,4
2295,3,4
2296,2,2
2297,6,6
2298,0,0
2299,4,3
2300,0,0
2301,4,4
2302,0,0
2303,6,6
2304,4,4
2305,4,4
2306,4,4
2307,6,6
2308,6,6
2309,6,6
2310,2,2
2311,3,3
2312,1,1
2313,6,6
2314,3,3
2315,6,6
2316,2,2
2317,0,0
2318,1,1
2319,3,3
2320,0,0
2321,4,4
2322,6,6
2323,5,5
2324,4,4
2325,0,0
2326,5,5
2327,1,1
2328,0,0
2329,6,6
2330,6,6
2331,6,6
2332,5,5
2333,4,4
2334,1,1
2335,0,0
2336,3,3
2337,4,3
2338,5,5
2339,6,6
2340,4,4
2341,3,3
2342,3,3
2343,6,6
2344,5,5
2345,0,0
2346,3,3
2347,6,6
2348,0,0
2349,5,5
2350,4,4
2351,1,1
2352,4,4
2353,1,1
2354,4,4
2355,5,5
2356,0,0
2357,0,0
2358,6,6
2359,2,2
2360,1,1
2361,4,4
2362,3,3
2363,6,6
2364,2,2
2365,0,0
2366,1,1
2367,4,4
2368,5,5
2369,1,1
2370,2,2
2371,1,1
2372,6,6
2373,3,2
2374,0,0
2375,1,1
2376,0,0
2377,5,5
2378,5,5
2379,3,3
2380,2,1
2381,2,2
2382,3,3
2383,4,4
2384,2,2
2385,1,1
2386,4,0
2387,6,6
2388,4,4
2389,1,1
2390,2,2
2391,5,5
2392,3,3
2393,6,6
2394,5,5
2395,0,0
2396,3,3
2397,4,4
2398,1,2
2399,1,2
2400,0,0
2401,1,1
2402,6,6
2403,5,5
2404,4,4
2405,4,4
2406,5,5
2407,4,4
2408,4,4
2409,6,6
2410,0,1
2411,0,0
2412,3,2
2413,2,2
2414,5,5
2415,6,6
2416,6,6
2417,6,6
2418,0,0
2419,1,1
2420,1,1
2421,1,1
2422,6,6
2423,3,3
2424,5,5
2425,5,5
2426,4,4
2427,5,5
2428,3,3
2429,4,4
2430,2,2
2431,0,0
2432,2,2
2433,2,2
2434,0,0
2435,1,1
2436,4,4
2437,2,2
2438,1,1
2439,6,6
2440,5,5
2441,0,0
2442,5,5
2443,2,2
2444,1,1
2445,3,3
2446,5,5
2447,6,6
2448,6,6
2449,1,1
2450,1,0
2451,1,1
2452,1,1
2453,2,2
2454,3,3
2455,1,1
2456,4,4
2457,5,5
2458,1,1
2459,4,4
2460,5,3
2461,5,5
2462,5,5
2463,6,6
2464,0,0
2465,1,1
2466,3,3
2467,6,6
2468,4,4
2469,6,6
2470,0,0
2471,5,5
2472,6,6
2473,1,1
2474,3,3
2475,4,3
2476,3,3
2477,6,6
2478,3,3
2479,0,0
2480,1,1
2481,0,0
2482,4,4
2483,2,2
2484,1,2
2485,3,3
2486,5,5
2487,1,1
2488,6,6
2489,1,1
2490,3,3
2491,6,6
2492,2,0
2493,3,3
2494,3,3
2495,2,2
2496,5,5
2497,6,6
2498,2,2
2499,6,6
2500,4,4
2501,5,5
2502,6,6
2503,6,6
2504,1,1
2505,5,5
2506,3,4
2507,6,6
2508,2,2
2509,1,1
2510,1,1
2511,0,0
2512,5,5
2513,6,6
2514,6,6
2515,4,4
2516,4,4
2517,5,5
2518,0,0
2519,3,3
2520,4,4
2521,5,5
2522,1,1
2523,2,2
2524,5,5
2525,1,1
2526,1,1
2527,5,5
2528,6,6
2529,1,1
2530,1,1
2531,5,5
2532,6,6
2533,4,4
2534,3,3
2535,0,0
2536,6,6
2537,6,6
2538,6,6
2539,0,0
2540,6,6
2541,4,2
2542,0,0
2543,0,0
2544,0,0
2545,6,6
2546,5,5
2547,3,3
2548,0,0
2549,6,6
2550,0,0
2551,0,0
2552,0,0
2553,6,6
2554,5,5
2555,0,0
2556,5,5
2557,6,6
2558,0,0
2559,5,5
2560,5,4
2561,2,2
2562,5,5
2563,4,4
2564,3,3
2565,6,6
2566,1,1
2567,6,6
2568,5,5
2569,5,5
2570,6,6
2571,0,0
2572,2,2
2573,4,4
2574,3,2
2575,3,3
2576,5,5
2577,6,6
2578,6,6
2579,3,3
2580,4,4
2581,2,2
2582,1,1
2583,4,4
2584,1,1
2585,6,6
2586,1,1
2587,6,6
2588,1,1
2589,5,5
2590,6,6
2591,6,6
2592,3,4
2593,4,4
2594,0,0
2595,1,1
2596,3,3
2597,3,3
2598,6,6
2599,6,6
2600,5,5
2601,5,5
2602,5,5
2603,1,1
2604,6,6
2605,5,5
2606,1,1
2607,5,5
2608,5,5
2609,1,1
2610,6,6
2611,0,0
2612,6,6
2613,4,4
2614,4,4
2615,1,1
2616,1,1
2617,5,5
2618,1,1
2619,6,6
2620,6,6
2621,1,1
2622,5,5
2623,2,3
2624,3,3
2625,1,1
2626,3,3
2627,6,6
2628,3,3
2629,5,5
2630,6,6
2631,1,1
2632,2,2
2633,0,0
2634,6,6
2635,4,4
2636,0,0
2637,0,0
2638,0,0
2639,6,6
2640,3,3
2641,3,3
2642,6,6
2643,1,1
2644,5,5
2645,5,5
2646,2,2
2647,6,6
2648,0,0
2649,1,1
2650,5,5
2651,6,6
2652,5,5
2653,0,0
2654,6,6
2655,5,5
2656,4,4
2657,1,1
2658,5,5
2659,0,0
2660,4,4
2661,4,4
2662,2,2
2663,4,4
2664,5,5
2665,1,0
2666,4,2
2667,6,6
2668,5,5
2669,5,5
2670,3,4
2671,5,5
2672,3,3
2673,5,5
2674,1,1
2675,6,6
2676,6,6
2677,6,6
2678,5,5
2679,4,4
2680,4,4
2681,4,4
2682,6,6
2683,4,4
2684,1,1
2685,6,6
2686,1,1
2687,5,5
2688,2,2
2689,6,6
2690,5,5
2691,3,3
2692,5,5
2693,1,3
2694,5,5
2695,0,0
2696,5,5
2697,3,3
2698,0,0
2699,4,4
2700,2,2
2701,3,3
2702,2,2
2703,2,2
2704,6,6
2705,5,5
2706,0,0
2707,5,5
2708,0,0
2709,1,1
2710,2,2
2711,4,4
2712,1,1
2713,0,0
2714,0,0
2715,6,6
2716,4,4
2717,5,5
2718,1,1
2719,5,5
2720,6,6
2721,6,6
2722,0,0
2723,1,1
2724,1,1
2725,5,5
2726,6,6
2727,4,3
2728,4,4
2729,6,6
2730,2,2
2731,5,5
2732,5,5
2733,5,5
2734,2,2
2735,1,1
2736,4,4
2737,2,2
2738,3,3
2739,6,6
2740,4,4
2741,1,1
2742,2,4
2743,6,6
2744,3,3
2745,6,6
2746,3,3
2747,6,6
2748,3,3
2749,1,1
2750,0,0
2751,1,1
2752,2,2
2753,2,2
2754,6,6
2755,1,1
2756,2,2
2757,5,5
2758,0,0
2759,6,6
2760,4,4
2761,4,4
2762,5,5
2763,0,0
2764,0,0
2765,5,5
2766,3,3
2767,6,6
2768,4,4
2769,4,4
2770,0,1
2771,4,5
2772,0,0
2773,2,2
2774,3,3
2775,6,6
2776,1,1
2777,2,2
2778,3,3
2779,5,5
2780,1,2
2781,4,4
2782,0,0
2783,6,6
2784,3,3
2785,1,1
2786,5,5
2787,2,2
2788,0,0
2789,1,1
2790,5,5
2791,4,4
2792,2,2
2793,0,0
2794,0,1
2795,2,2
2796,4,4
2797,6,6
2798,5,5
2799,6,6
2800,6,6
2801,0,0
2802,2,2
2803,0,0
2804,6,6
2805,4,3
2806,3,4
2807,5,5
2808,6,6
2809,3,3
2810,4,4
2811,6,6
2812,6,6
2813,6,6
2814,2,2
2815,4,4
2816,2,2
2817,1,1
2818,3,3
2819,2,2
2820,3,3
2821,5,5
2822,3,3
2823,3,3
2824,5,5
2825,3,3
2826,5,5
2827,6,6
2828,5,5
2829,5,5
2830,4,5
2831,6,6
2832,0,0
2833,0,0
2834,2,2
2835,3,3
2836,0,0
2837,1,1
2838,3,3
2839,1,1
2840,0,0
2841,2,2
2842,2,2
2843,6,6
2844,5,5
2845,5,4
2846,6,6
2847,5,5
2848,2,2
2849,2,2
2850,2,2
2851,3,3
2852,2,2
2853,4,4
2854,0,0
2855,1,1
2856,2,3
2857,6,6
2858,6,6
2859,2,2
2860,1,1
2861,5,5
2862,1,1
2863,3,2
2864,5,5
2865,6,6
2866,3,3
2867,6,6
2868,5,5
2869,4,3
2870,3,2
2871,3,3
2872,6,6
2873,4,4
2874,2,2
2875,6,6
2876,4,4
2877,6,6
2878,1,1
2879,2,2
2880,0,0
2881,0,0
2882,4,5
2883,6,6
2884,5,5
2885,5,5
2886,3,3
2887,5,5
2888,0,0
2889,4,4
2890,5,5
2891,0,0
2892,1,1
2893,2,2
2894,0,1
2895,6,6
2896,4,4
2897,6,6
2898,0,0
2899,6,6
2900,5,5
2901,4,4
2902,0,0
2903,4,4
2904,6,6
2905,6,6
2906,2,2
2907,6,6
2908,5,5
2909,6,6
2910,6,6
2911,0,0
2912,4,4
2913,4,4
2914,3,4
2915,3,3
2916,2,0
2917,5,5
2918,2,2
2919,6,6
2920,3,3
2921,6,6
2922,1,1
2923,0,0
2924,5,5
2925,5,5
2926,3,2
2927,1,1
2928,5,5
2929,3,3
2930,5,5
2931,1,1
2932,6,6
2933,6,6
2934,2,2
2935,1,1
2936,4,4
2937,0,0
2938,5,5
2939,1,1
2940,3,3
2941,5,5
2942,2,3
2943,6,6
2944,4,4
2945,5,5
2946,6,6
2947,0,0
2948,2,3
2949,3,3
2950,3,4
2951,1,1
2952,6,6
2953,3,3
2954,6,6
2955,5,5
2956,1,0
2957,5,5
2958,4,5
2959,6,6
2960,3,4
2961,2,2
2962,1,1
2963,5,5
2964,6,6
2965,4,4
2966,4,4
2967,6,6
2968,4,4
2969,3,3
2970,6,6
2971,0,0
2972,1,1
2973,6,6
2974,0,0
2975,0,0
2976,3,3
2977,3,4
2978,6,6
2979,5,5
2980,5,5
2981,4,4
2982,5,5
2983,1,2
2984,1,1
2985,4,3
2986,4,4
2987,6,6
2988,0,0
2989,6,6
2990,6,6
2991,6,6
2992,4,4
2993,1,2
2994,5,5
2995,3,3
2996,5,5
2997,1,1
2998,4,4
2999,3,3
3000,1,1
3001,6,6
3002,4,4
3003,5,5
3004,2,2
3005,5,5
3006,1,1
3007,1,0
3008,5,5
3009,1,1
3010,2,2
3011,4,4
3012,1,1
3013,4,2
3014,5,5
3015,1,2
3016,1,1
3017,4,4
3018,2,2
3019,6,6
3020,1,1
3021,1,1
3022,5,5
3023,2,1
3024,4,4
3025,4,4
3026,2,2
3027,6,6
3028,6,6
3029,6,6
3030,3,3
3031,5,5
3032,3,1
3033,0,0
3034,1,1
3035,0,0
3036,3,3
3037,5,5
3038,1,1
3039,2,2
3040,5,5
3041,6,6
3042,1,1
3043,6,6
3044,3,3
3045,5,5
3046,4,4
3047,0,0
3048,6,6
3049,1,1
3050,4,4
3051,3,2
3052,0,0
3053,1,1
3054,6,6
3055,0,0
3056,1,1
3057,2,2
3058,3,3
3059,2,2
3060,4,4
3061,0,0
3062,4,4
3063,6,6
3064,1,1
3065,5,5
3066,6,6
3067,3,3
3068,1,1
3069,2,1
3070,6,6
3071,4,4
3072,6,6
3073,5,5
3074,6,6
3075,2,3
3076,4,4
3077,2,2
3078,2,2
3079,6,6
3080,2,2
3081,4,4
3082,6,6
3083,0,0
3084,6,6
3085,0,0
3086,2,2
3087,4,3
3088,4,4
3089,6,6
3090,5,5
3091,4,2
3092,5,5
3093,3,3
3094,5,5
3095,2,2
3096,6,6
3097,5,5
3098,6,6
3099,2,2
3100,1,1
3101,5,5
3102,3,3
3103,4,3
3104,6,6
3105,2,2
3106,2,2
3107,4,4
3108,5,5
3109,4,4
3110,2,2
3111,5,5
3112,4,4
3113,5,5
3114,5,5
3115,1,1
3116,3,3
3117,6,6
3118,6,6
3119,2,2
3120,5,5
3121,2,2
3122,5,5
3123,4,4
3124,6,6
3125,4,2
3126,2,2
3127,5,5
3128,4,4
3129,1,1
3130,6,6
3131,6,6
3132,4,4
3133,0,0
3134,5,5
3135,6,6
3136,3,3
3137,1,1
3138,1,1
3139,0,0
3140,0,0
3141,6,6
3142,0,0
3143,6,6
3144,4,4
3145,6,6
3146,6,6
3147,0,0
3148,0,1
3149,6,6
3150,6,6
3151,5,5
3152,4,3
3153,1,1
3154,6,6
3155,6,6
3156,1,1
3157,6,6
3158,4,4
3159,3,2
3160,3,3
3161,1,1
3162,6,6
3163,0,0
3164,4,4
3165,1,1
3166,0,0
3167,5,5
3168,4,4
3169,0,0
3170,3,3
3171,4,4
3172,0,0
3173,5,5
3174,3,2
3175,3,2
3176,3,3
3177,4,4
3178,3,3
3179,1,1
3180,6,6
3181,4,4
3182,4,3
3183,4,4
3184,3,3
3185,4,4
3186,1,1
3187,0,0
3188,4,4
3189,4,4
3190,4,4
3191,5,5
3192,6,6
3193,2,2
3194,6,6
3195,4,4
3196,0,1
3197,2,2
3198,0,0
3199,4,4
3200,0,0
3201,5,5
3202,6,6
3203,1,1
3204,4,4
3205,6,6
3206,4,4
3207,2,2
3208,6,6
3209,0,0
3210,5,5
3211,1,1
3212,5,5
3213,5,5
3214,5,5
3215,0,0
3216,1,1
3217,5,5
3218,4,4
3219,6,6
3220,6,6
3221,6,6
3222,3,2
3223,4,4
3224,0,0
3225,6,6
3226,0,0
3227,6,6
3228,6,6
3229,6,6
3230,0,0
3231,2,2
3232,1,1
3233,1,1
3234,6,6
3235,1,1
3236,1,1
3237,6,6
3238,0,0
3239,1,1
3240,0,0
3241,5,5
3242,2,2
3243,5,5
3244,5,5
3245,6,6
3246,0,0
3247,6,6
3248,0,0
3249,6,6
3250,4,4
3251,4,4
3252,2,3
3253,2,2
3254,5,5
3255,5,5
3256,2,2
3257,3,3
3258,0,0
3259,6,6
3260,5,5
3261,5,5
3262,4,4
3263,4,4
3264,0,0
3265,3,3
3266,4,4
3267,3,3
3268,6,6
3269,5,5
3270,1,1
3271,2,2
3272,4,4
3273,3,1
3274,5,5
3275,4,4
3276,1,1
3277,6,6
3278,6,6
3279,4,4
3280,6,6
3281,2,2
3282,1,1
3283,6,6
3284,6,6
3285,1,0
3286,1,1
3287,0,0
3288,1,1
3289,1,0
3290,2,2
3291,1,1
3292,4,4
3293,6,6
3294,0,0
3295,0,0
3296,5,5
3297,3,2
3298,5,5
3299,0,0
3300,4,4
3301,6,6
3302,6,6
3303,4,4
3304,4,4
3305,0,0
3306,3,3
3307,5,5
3308,6,6
3309,4,4
3310,2,1
3311,5,5
3312,6,6
3313,5,5
3314,0,0
3315,0,0
3316,5,5
3317,0,0
3318,3,3
3319,3,3
3320,1,1
3321,6,6
3322,2,2
3323,1,1
3324,3,3
3325,1,1
3326,1,1
3327,6,6
3328,2,1
3329,6,6
3330,0,0
3331,1,1
3332,6,6
3333,2,1
3334,6,6
3335,4,4
3336,4,4
3337,5,5
3338,1,1
3339,4,4
3340,3,2
3341,5,5
3342,4,4
3343,1,1
3344,0,0
3345,0,0
3346,4,4
3347,3,3
3348,0,0
3349,5,5
3350,2,2
3351,5,5
3352,6,6
3353,3,2
3354,2,2
3355,1,1
3356,1,1
3357,3,4
3358,6,6
3359,4,4
3360,5,5
3361,6,6
3362,6,6
3363,2,2
3364,5,5
3365,0,0
3366,6,6
3367,6,6
3368,6,6
3369,3,3
3370,3,3
3371,2,3
3372,2,2
3373,1,1
3374,2,2
3375,1,1
3376,1,1
3377,0,0
3378,6,6
3379,0,0
3380,0,0
3381,4,1
3382,6,6
3383,4,3
3384,0,0
3385,4,4
3386,1,1
3387,2,3
3388,4,4
3389,1,1
3390,1,1
3391,3,3
3392,1,1
3393,5,5
3394,3,3
3395,6,6
3396,6,6
3397,2,2
3398,2,2
3399,0,0
3400,5,5
3401,5,5
3402,1,1
3403,4,4
3404,4,4
3405,1,1
3406,6,6
3407,3,4
3408,4,4
3409,2,2
3410,3,3
3411,4,4
3412,3,3
3413,6,6
3414,2,2
3415,1,1
3416,1,1
3417,3,5
3418,6,6
3419,4,5
3420,0,0
3421,1,1
3422,5,5
3423,5,5
3424,4,4
3425,4,4
3426,1,1
3427,2,2
3428,5,5
3429,0,0
3430,1,1
3431,0,0
3432,5,5
3433,6,6
3434,1,1
3435,0,0
3436,0,0
3437,5,5
3438,1,1
3439,1,1
3440,5,5
3441,6,6
3442,4,4
3443,5,5
3444,6,6
3445,6,6
3446,3,3
3447,6,6
3448,4,4
3449,0,0
3450,2,3
3451,6,6
3452,2,3
3453,1,1
3454,4,4
3455,4,4
3456,0,0
3457,0,0
3458,5,5
3459,4,4
3460,4,4
3461,6,6
3462,3,3
3463,4,4
3464,6,6
3465,2,2
3466,3,3
3467,2,2
3468,2,2
3469,3,2
3470,4,4
3471,5,5
3472,3,3
3473,2,4
3474,6,6
3475,5,5
3476,1,1
3477,3,3
3478,6,6
3479,1,1
3480,2,2
3481,6,6
3482,6,6
3483,1,2
3484,0,0
3485,6,6
3486,0,0
3487,4,4
3488,2,2
3489,1,1
3490,5,5
3491,3,3
3492,4,4
3493,5,5
3494,6,6
3495,6,6
3496,4,4
3497,4,6
3498,0,0
3499,3,3
3500,1,1
3501,3,3
3502,1,1
3503,1,1
3504,5,4
3505,3,3
3506,0,0
3507,6,6
3508,6,6
3509,5,5
3510,1,1
3511,6,6
3512,3,3
3513,0,0
3514,3,3
3515,3,3
3516,1,1
3517,2,2
3518,1,1
3519,6,6
3520,5,5
3521,1,1
3522,1,1
3523,5,5
3524,5,5
3525,0,0
3526,6,6
3527,3,3
3528,2,2
3529,3,3
3530,2,2
3531,6,6
3532,4,4
3533,2,2
3534,3,3
3535,0,0
3536,2,2
3537,1,1
3538,2,2
3539,6,6
3540,3,3
3541,2,2
3542,1,2
3543,1,1
3544,0,0
3545,2,2
3546,6,6
3547,6,6
3548,5,5
3549,3,3
3550,5,5
3551,5,5
3552,4,4
3553,1,1
3554,6,6
3555,1,1
3556,4,4
3557,0,0
3558,6,6
3559,6,6
3560,1,1
3561,1,1
3562,4,4
3563,6,6
3564,4,4
3565,0,2
3566,6,6
3567,2,2
3568,5,5
3569,4,4
3570,4,4
3571,3,3
3572,0,0
3573,0,0
3574,6,6
3575,4,4
3576,4,4
3577,6,6
3578,3,3
3579,6,6
3580,0,0
3581,2,2
3582,0,0
3583,4,4
3584,1,1
3585,4,4
3586,1,1
3587,3,3
3588,1,1
3589,4,4
3590,0,0
3591,5,5
3592,6,6
3593,1,1
3594,4,5
3595,4,4
3596,1,1
3597,3,3
3598,1,1
3599,2,1
3600,0,0
3601,4,4
3602,2,2
3603,0,1
3604,5,5
3605,5,5
3606,3,1
3607,1,1
3608,0,0
3609,1,1
3610,4,4
3611,4,4
3612,5,5
3613,4,4
3614,2,2
3615,5,5
3616,4,4
3617,0,0
3618,6,6
3619,1,1
3620,4,4
3621,4,4
3622,6,6
3623,4,4
3624,4,4
3625,5,5
3626,0,0
3627,2,2
3628,5,5
3629,6,6
3630,1,1
3631,5,5
3632,1,1
3633,4,4
3634,6,6
3635,3,2
3636,4,4
3637,5,5
3638,5,4
3639,1,1
3640,4,2
3641,1,1
3642,5,4
3643,5,5
3644,3,3
3645,6,6
3646,2,2
3647,6,6
3648,2,2
3649,1,1
3650,1,0
3651,2,2
3652,2,2
3653,6,6
3654,0,0
3655,1,1
3656,4,4
3657,5,5
3658,4,4
3659,6,6
3660,4,4
3661,6,6
3662,0,0
3663,6,6
3664,3,3
3665,6,6
3666,3,4
3667,5,5
3668,5,5
3669,6,6
3670,5,5
3671,4,2
3672,3,3
3673,5,5
3674,2,2
3675,4,4
3676,1,1
3677,1,1
3678,0,0
3679,1,1
3680,1,1
3681,1,1
3682,1,1
3683,3,4
3684,5,5
3685,1,2
3686,5,5
3687,5,5
3688,1,1
3689,2,2
3690,0,0
3691,0,0
3692,5,5
3693,6,6
3694,2,2
3695,4,4
3696,6,6
3697,0,0
3698,1,1
3699,4,4
3700,0,0
3701,6,6
3702,6,6
3703,0,0
3704,0,0
3705,1,1
3706,1,1
3707,3,4
3708,0,0
3709,1,2
3710,6,6
3711,4,4
3712,3,3
3713,1,1
3714,4,4
3715,1,1
3716,1,0
3717,3,3
3718,2,2
3719,6,6
3720,6,6
3721,1,1
3722,5,5
3723,6,6
3724,5,5
3725,2,3
3726,0,0
3727,6,6
3728,6,6
3729,1,1
3730,0,0
3731,1,1
3732,2,2
3733,5,5
3734,3,3
3735,4,4
3736,3,3
3737,6,6
3738,4,4
3739,1,1
3740,6,6
3741,0,0
3742,4,4
3743,6,6
3744,4,4
3745,2,2
3746,6,6
3747,5,5
3748,1,1
3749,1,2
3750,5,5
3751,4,4
3752,6,6
3753,6,6
3754,0,0
3755,5,5
3756,4,4
3757,5,5
3758,1,2
3759,5,5
3760,5,5
3761,2,2
3762,5,5
3763,4,4
3764,4,4
3765,4,4
3766,0,0
3767,4,4
3768,0,0
3769,1,1
3770,0,0
3771,6,6
3772,6,6
3773,4,4
3774,5,5
3775,5,5
3776,3,3
3777,5,5
3778,4,3
3779,5,5
3780,6,6
3781,0,0
3782,2,3
3783,3,3
3784,6,6
3785,4,4
3786,0,0
3787,6,6
3788,6,6
3789,5,5
3790,6,6
3791,6,6
3792,4,4
3793,5,5
3794,6,6
3795,6,6
3796,4,4
3797,3,3
3798,4,4
3799,5,5
3800,6,6
3801,0,0
3802,0,0
3803,4,3
3804,2,1
3805,2,2
3806,6,6
3807,3,3
3808,0,0
3809,6,6
3810,3,3
3811,5,5
3812,6,6
3813,6,6
3814,6,6
3815,1,1
3816,6,6
3817,1,1
3818,0,0
3819,2,2
3820,5,5
3821,0,0
3822,1,1
3823,3,3
3824,3,3
3825,5,5
3826,6,6
3827,5,5
3828,1,1
3829,1,1
3830,5,5
3831,1,1
3832,2,2
3833,6,6
3834,4,4
3835,2,2
3836,4,2
3837,1,2
3838,2,2
3839,1,1
3840,4,4
3841,5,5
3842,1,1
3843,5,5
3844,5,5
3845,4,4
3846,1,1
3847,5,5
3848,4,4
3849,6,6
3850,5,5
3851,3,2
3852,4,4
3853,6,2
3854,0,0
3855,3,3
3856,1,1
3857,2,2
3858,2,3
3859,6,6
3860,1,1
3861,3,3
3862,4,4
3863,0,0
3864,6,6
3865,0,0
3866,2,2
3867,1,0
3868,6,6
3869,5,5
3870,5,4
3871,4,4
3872,2,2
3873,5,5
3874,1,1
3875,6,6
3876,5,5
3877,5,5
3878,4,4
3879,4,4
3880,4,4
3881,4,4
3882,1,1
3883,1,1
3884,1,1
3885,2,3
3886,3,3
3887,1,1
3888,4,4
3889,0,0
3890,6,4
3891,5,5
3892,2,1
3893,4,4
3894,3,3
3895,4,4
3896,3,3
3897,4,4
3898,2,2
3899,6,6
3900,6,6
3901,1,1
3902,1,1
3903,4,5
3904,1,1
3905,5,5
3906,3,4
3907,2,2
3908,5,5
3909,5,5
3910,3,3
3911,6,6
3912,6,6
3913,6,6
3914,4,4
3915,4,4
3916,0,0
3917,0,0
3918,1,1
3919,0,0
3920,4,6
3921,2,2
3922,4,4
3923,6,6
3924,5,5
3925,1,1
3926,5,5
3927,6,6
3928,6,6
3929,1,1
3930,0,0
3931,1,1
3932,3,3
3933,5,5
3934,3,4
3935,0,0
3936,2,2
3937,2,2
3938,5,5
3939,3,3
3940,5,5
3941,6,6
3942,3,3
3943,3,3
3944,4,4
3945,6,6
3946,4,4
3947,5,5
3948,6,6
3949,6,6
3950,2,2
3951,3,3
3952,0,0
3953,1,1
3954,5,5
3955,3,3
3956,1,1
3957,2,2
3958,5,5
3959,4,4
3960,4,4
3961,3,3
3962,1,1
3963,3,4
3964,1,1
3965,2,2
3966,5,5
3967,3,3
3968,5,5
3969,6,6
3970,6,6
3971,1,1
3972,1,1
3973,0,0
3974,6,6
3975,5,5
3976,1,1
3977,1,1
3978,2,2
3979,1,1
3980,1,1
3981,1,1
3982,5,5
3983,0,0
3984,0,0
3985,4,4
3986,3,3
3987,0,0
3988,1,1
3989,0,0
3990,1,1
3991,6,6
3992,3,3
3993,0,0
3994,0,0
3995,2,3
3996,1,1
3997,5,5
3998,4,4
3999,5,5
4000,6,6
4001,1,1
4002,3,3
4003,0,0
4004,2,2
4005,6,6
4006,2,3
4007,2,2
4008,6,6
4009,0,0
4010,6,6
4011,6,6
4012,5,5
4013,4,3
4014,1,1
4015,1,1
4016,6,6
4017,0,0
4018,0,0
4019,5,5
4020,5,5
4021,2,3
4022,4,4
4023,1,1
4024,2,2
4025,1,1
4026,0,0
4027,2,2
4028,2,3
4029,3,3
4030,4,4
4031,4,4
4032,2,2
4033,0,0
4034,1,2
4035,4,4
4036,6,6
4037,0,0
4038,0,0
4039,0,0
4040,2,2
4041,4,4
4042,6,6
4043,1,1
4044,0,0
4045,1,1
4046,0,0
4047,2,2
4048,2,2
4049,1,1
4050,6,6
4051,6,6
4052,2,2
4053,1,1
4054,4,4
4055,2,2
4056,5,5
4057,2,2
4058,1,1
4059,6,6
4060,3,3
4061,5,5
4062,1,1
4063,5,5
4064,4,4
4065,6,6
4066,0,0
4067,4,4
4068,6,6
4069,3,3
4070,5,5
4071,4,4
4072,1,1
4073,1,1
4074,2,2
4075,2,2
4076,1,1
4077,3,3
4078,6,6
4079,2,2
4080,2,2
4081,0,1
4082,5,5
4083,5,5
4084,1,1
4085,6,6
4086,6,6
4087,0,0
4088,6,6
4089,5,5
4090,2,2
4091,4,4
4092,5,5
4093,4,4
4094,6,6
4095,5,5
4096,4,4
4097,2,2
4098,6,6
4099,6,6
4100,2,2
4101,3,3
4102,4,4
4103,2,3
4104,0,0
4105,0,0
4106,4,4
4107,4,4
4108,4,4
4109,1,0
4110,1,1
4111,6,6
4112,6,6
4113,1,2
4114,6,6
4115,3,3
4116,2,2
4117,4,4
4118,5,5
4119,3,3
4120,6,6
4121,4,4
4122,0,0
4123,3,3
4124,5,5
4125,3,3
4126,3,4
4127,1,1
4128,2,3
4129,4,4
4130,1,1
4131,2,2
4132,6,6
4133,0,0
4134,5,5
4135,1,1
4136,6,6
4137,2,2
4138,1,1
4139,3,3
4140,1,1
4141,3,3
4142,3,3
4143,5,5
4144,5,5
4145,3,3
4146,4,3
4147,6,6
4148,5,4
4149,4,4
4150,4,4
4151,6,6
4152,6,6
4153,3,3
4154,4,4
4155,0,0
4156,1,1
4157,5,5
4158,6,6
4159,4,4
4160,3,3
4161,3,3
4162,0,0
4163,5,5
4164,0,0
4165,6,6
4166,0,0
4167,5,5
4168,2,1
4169,2,2
4170,6,6
4171,5,5
4172,1,1
4173,0,0
4174,3,2
4175,3,3
4176,2,2
4177,2,2
4178,6,6
4179,0,0
4180,6,6
4181,6,6
4182,1,1
4183,2,2
4184,1,1
4185,4,4
4186,1,1
4187,4,4
4188,0,0
4189,3,3
4190,4,4
4191,4,4
4192,1,1
4193,6,6
4194,2,3
4195,5,5
4196,4,4
4197,1,1
4198,6,6
4199,4,4
4200,6,6
4201,3,3
4202,0,0
4203,0,0
4204,3,4
4205,5,5
4206,0,0
4207,0,0
4208,5,4
4209,5,5
4210,6,6
4211,5,5
4212,3,3
4213,3,4
4214,1,1
4215,4,3
4216,0,0
4217,1,1
4218,6,6
4219,2,2
4220,6,6
4221,5,5
4222,2,2
4223,2,2
4224,0,0
4225,6,6
4226,6,6
4227,3,3
4228,3,3
4229,0,0
4230,0,0
4231,3,3
4232,4,4
4233,4,4
4234,3,3
4235,0,0
4236,4,4
4237,4,4
4238,0,0
4239,3,3
4240,5,5
4241,6,6
4242,6,6
4243,2,1
4244,6,6
4245,3,4
4246,2,2
4247,2,2
4248,5,5
4249,5,5
4250,1,1
4251,4,4
4252,6,6
4253,5,5
4254,2,2
4255,6,6
4256,6,6
4257,5,5
4258,0,0
4259,4,4
4260,4,4
4261,4,4
4262,3,2
4263,2,2
4264,0,0
4265,3,3
4266,5,5
4267,2,2
4268,6,6
4269,5,5
4270,3,4
4271,4,4
4272,4,4
4273,1,1
4274,1,1
4275,6,6
4276,1,1
4277,6,6
4278,0,0
4279,5,5
4280,0,1
4281,1,1
4282,5,5
4283,6,6
4284,6,6
4285,3,3
4286,2,2
4287,0,0
4288,6,6
4289,5,3
4290,3,3
4291,3,3
4292,5,5
4293,0,0
4294,6,6
4295,6,6
4296,6,6
4297,1,1
4298,5,5
4299,2,2
4300,6,6
4301,1,1
4302,0,0
4303,1,1
4304,5,5
4305,3,3
4306,2,2
4307,0,1
4308,6,6
4309,1,1
4310,5,5
4311,0,1
4312,4,4
4313,3,3
4314,6,6
4315,6,6
4316,1,1
4317,5,5
4318,1,1
4319,6,6
4320,4,4
4321,6,6
4322,3,4
4323,6,6
4324,1,1
4325,2,2
4326,0,0
4327,6,6
4328,0,0
4329,1,1
4330,0,0
4331,2,2
4332,3,3
4333,0,0
4334,5,5
4335,1,1
4336,6,6
4337,3,3
4338,6,6
4339,0,0
4340,5,5
4341,6,6
4342,5,5
4343,2,2
4344,0,0
4345,2,2
4346,5,5
4347,6,6
4348,1,1
4349,3,3
4350,6,6
4351,3,3
4352,3,3
4353,6,6
4354,6,6
4355,2,2
4356,2,2
4357,1,1
4358,5,5
4359,3,3
4360,2,2
4361,5,5
4362,2,0
4363,5,5
4364,2,2
4365,1,1
4366,2,2
4367,0,0
4368,3,3
4369,6,6
4370,3,3
4371,5,5
4372,1,1
4373,4,4
4374,2,1
4375,1,1
4376,0,0
4377,5,5
4378,2,2
4379,6,6
4380,5,5
4381,4,4
4382,1,1
4383,3,3
4384,6,6
4385,5,5
4386,2,1
4387,5,5
4388,5,5
4389,5,5
4390,5,5
4391,1,1
4392,6,6
4393,0,0
4394,6,6
4395,6,6
4396,3,3
4397,0,0
4398,4,4
4399,5,5
4400,4,4
4401,2,2
4402,6,6
4403,0,0
4404,0,0
4405,6,6
4406,5,5
4407,0,0
4408,4,4
4409,2,2
4410,4,4
4411,6,6
4412,1,1
4413,2,2
4414,6,6
4415,3,5
4416,0,0
4417,6,6
4418,0,0
4419,5,5
4420,4,4
4421,3,3
4422,2,2
4423,5,5
4424,1,2
4425,4,4
4426,3,3
4427,0,0
4428,4,3
4429,1,1
4430,1,1
4431,1,1
4432,6,6
4433,6,6
4434,5,5
4435,6,6
4436,1,1
4437,1,1
4438,2,2
4439,3,3
4440,5,5
4441,4,4
4442,2,3
4443,6,6
4444,6,6
4445,6,6
4446,3,3
4447,6,6
4448,1,1
4449,1,1
4450,2,2
4451,5,5
4452,4,4
4453,6,6
4454,6,6
4455,5,4
4456,2,2
4457,6,6
4458,4,4
4459,5,5
4460,5,5
4461,4,4
4462,1,1
4463,1,1
4464,2,1
4465,5,5
4466,6,6
4467,3,2
4468,1,1
4469,2,2
4470,1,0
4471,6,6
4472,0,0
4473,2,1
4474,0,0
4475,1,1
4476,5,5
4477,4,4
4478,4,4
4479,4,4
4480,2,2
4481,6,6
4482,5,5
4483,3,4
4484,1,1
4485,6,6
4486,0,0
4487,1,1
4488,3,3
4489,3,3
4490,3,3
4491,5,5
4492,3,4
4493,0,0
4494,4,4
4495,3,3
4496,6,6
4497,2,2
4498,1,1
4499,5,5
4500,5,5
4501,4,3
4502,3,3
4503,1,1
4504,6,6
4505,6,6
4506,0,0
4507,6,6
4508,0,0
4509,2,4
4510,5,5
4511,2,2
4512,2,3
4513,1,1
4514,2,2
4515,3,3
4516,0,0
4517,1,1
4518,1,1
4519,2,2
4520,2,2
4521,0,0
4522,0,0
4523,6,6
4524,5,5
4525,0,0
4526,3,3
4527,6,6
4528,2,3
4529,4,4
4530,6,6
4531,6,6
4532,0,0
4533,2,1
4534,3,3
4535,1,2
4536,6,6
4537,2,2
4538,3,3
4539,4,4
4540,5,5
4541,4,4
4542,2,2
4543,3,3
4544,5,5
4545,3,3
4546,3,3
4547,0,0
4548,6,6
4549,3,3
4550,2,2
4551,4,4
4552,3,1
4553,1,1
4554,0,0
4555,1,1
4556,1,1
4557,5,5
4558,0,0
4559,4,4
4560,3,4
4561,4,4
4562,0,0
4563,1,1
4564,0,0
4565,3,3
4566,3,3
4567,5,5
4568,5,5
